target,n_sessions,median_rank,mean_rank,median_observed_gain,mean_observed_gain,median_observed_minus_shuffle,mean_observed_minus_shuffle,min_fraction_above_shuffle,median_empirical_p,cross_session_rank
active_unit_fraction,3,1.0,1.3333333333333333,0.0626438044055023,0.060735952512180565,0.0661692371921058,0.06404944289769507,1.0,0.0099009900990099,1
population_rate_entropy,3,2.0,1.6666666666666667,0.0603448354198344,0.060679337775323194,0.0644218049949266,0.06406133881729881,1.0,0.0099009900990099,2
population_mean_rate_hz,3,3.0,3.6666666666666665,0.0359017180013925,0.03370273748610923,0.0394899303603479,0.037000283694639535,1.0,0.0099009900990099,3
population_l2_rate_norm,3,4.0,4.333333333333333,0.0330377603021599,0.0258966625917736,0.0366274681519081,0.02964960413484673,0.75,0.0099009900990099,4
population_std_rate_hz,3,5.0,4.666666666666667,0.0243944521854589,0.023485929854029766,0.0287368673069496,0.027528415393135566,0.75,0.0099009900990099,5
population_state_speed,3,6.0,5.333333333333333,0.0079063849724122,0.0009355357933511678,0.0128822757725566,0.005847657893314133,0.25,0.0099009900990099,6
