,H_ortho,R_ortho,S_ortho,M_ortho
H_ortho,1.0,-8.645885015813942e-18,7.282442626172031e-16,-9.573978747177185e-16
R_ortho,-8.645885015813942e-18,1.0,-2.020117250028743e-15,-9.566058690728379e-17
S_ortho,7.282442626172031e-16,-2.020117250028743e-15,1.0,3.8438122647258536e-16
M_ortho,-9.573978747177185e-16,-9.566058690728379e-17,3.8438122647258536e-16,1.0
