,H_ortho,R_ortho,S_ortho,M_ortho
H_ortho,1.0,-5.854258680007622e-18,2.058160651445289e-15,2.208509598379823e-16
R_ortho,-5.854258680007622e-18,1.0,8.767179074628169e-16,-1.1537351896567216e-15
S_ortho,2.058160651445289e-15,8.767179074628169e-16,1.0,2.7146847374002666e-16
M_ortho,2.208509598379823e-16,-1.1537351896567216e-15,2.7146847374002666e-16,1.0
