,H_ortho,R_ortho,S_ortho,M_ortho
H_ortho,1.0,7.660137730984301e-16,1.225758380499737e-16,-3.486586628910319e-15
R_ortho,7.660137730984301e-16,1.0,-5.148337718469328e-15,-2.266139363677441e-17
S_ortho,1.225758380499737e-16,-5.148337718469328e-15,1.0,7.051700987303751e-16
M_ortho,-3.486586628910319e-15,-2.266139363677441e-17,7.051700987303751e-16,1.0
