,H_ortho,R_ortho,S_ortho,M_ortho
H_ortho,1.0,8.438578316467304e-16,1.875576294765198e-15,6.913405450027603e-17
R_ortho,8.438578316467304e-16,1.0,-1.9243850714846487e-16,1.1789921042918453e-16
S_ortho,1.875576294765198e-15,-1.9243850714846487e-16,1.0,1.3419004421258311e-16
M_ortho,6.913405450027603e-17,1.1789921042918453e-16,1.3419004421258311e-16,1.0
