,H_ortho,R_ortho,S_ortho,M_ortho
H_ortho,1.0,1.1153178152496956e-16,1.4055224689973877e-15,9.88715501413299e-16
R_ortho,1.1153178152496956e-16,1.0,1.3624957079884598e-16,-3.341516372978766e-15
S_ortho,1.4055224689973877e-15,1.3624957079884598e-16,1.0,-3.663502333824445e-17
M_ortho,9.88715501413299e-16,-3.341516372978766e-15,-3.663502333824445e-17,1.0
