,H_ortho,R_ortho,S_ortho,M_ortho
H_ortho,1.0,3.14723865198983e-16,7.942181338775083e-16,6.6441504373817695e-15
R_ortho,3.14723865198983e-16,1.0,1.4217590973184636e-15,1.8747988985705533e-16
S_ortho,7.942181338775083e-16,1.4217590973184636e-15,1.0,1.0141288090727609e-15
M_ortho,6.6441504373817695e-15,1.8747988985705533e-16,1.0141288090727609e-15,1.0
