,H_ortho,R_ortho,S_ortho,M_ortho
H_ortho,1.0,-5.644056836813921e-16,1.8177598891436637e-15,-4.175386477242158e-15
R_ortho,-5.644056836813921e-16,1.0,-1.3855706993238364e-15,-2.0708916868870556e-17
S_ortho,1.8177598891436637e-15,-1.3855706993238364e-15,1.0,-1.355640653631384e-15
M_ortho,-4.175386477242158e-15,-2.0708916868870556e-17,-1.355640653631384e-15,1.0
