,H_ortho,R_ortho,S_ortho,M_ortho
H_ortho,1.0,2.5043933264811623e-16,4.0252171009638706e-15,-3.5416225124409207e-15
R_ortho,2.5043933264811623e-16,1.0,-6.142749801524271e-15,-1.4405899086932437e-16
S_ortho,4.0252171009638706e-15,-6.142749801524271e-15,1.0,-6.781194288623971e-16
M_ortho,-3.5416225124409207e-15,-1.4405899086932437e-16,-6.781194288623971e-16,1.0
