n_ok_groups,median_baseline_r2,median_memory_r2,median_memory_gain_r2,mean_memory_gain_r2,fraction_positive_gain
4,0.28234350977302414,0.3207527569225556,0.030389591166549768,0.027333917540048575,0.75
