session_id,lags,alpha,n_rows,n_train,n_test,ar_r2,ar_plus_current_geometry_r2,ar_plus_current_geometry_plus_history_r2,delta_current_geometry_over_ar,delta_history_over_current_geometry,delta_history_over_ar
715093703,4.0,1.0,2056.0,1580.5,475.5,-0.0006281424378232758,0.022119440931332612,0.016569800348561092,0.01963582262240321,0.010620960122999623,0.017197942786384368
719161530,4.0,1.0,2056.0,1441.0,615.0,0.06266892459138601,0.12024950329692374,0.11356208714549082,0.05758057870553773,-0.006687416151432923,0.05089316255410481
750749662,4.0,1.0,2056.0,1522.5,533.5,0.021163740660184893,0.10972509684985549,0.11903261667491766,0.08179298906540505,-0.015486706976083953,0.0663062820893211
751348571,4.0,1.0,2056.0,1584.5,471.5,0.03503177497652665,0.06214396011700757,0.06660149916247099,0.046697576469878876,-0.0037158863538865328,0.046238426312279146
755434585,4.0,1.0,2057.0,1502.0,555.0,0.10634038903972187,0.20065714149447067,0.18770533866500427,0.0943167524547488,-0.023107574356599603,0.08095023224430681
756029989,4.0,1.0,2056.0,1523.5,532.5,0.05868576075077847,0.07516964717473867,0.08523779944619686,0.022846924053892104,0.00633128624804602,0.03291507632535029
