target,n_rows,n_train,n_test,ar_r2,org_lag_r2,hrsm_lag_r2,full_lag_r2,delta_org_over_ar,delta_hrsm_over_ar,delta_full_over_ar,shuffle_delta_full_mean,shuffle_delta_full_median,controlled_delta_full_over_ar,empirical_p_full_over_ar,n_shuffles_effective,reviewer_rank
population_state_speed,2056.0,1581.5,475.0,0.01477674667646095,0.06417658309045499,0.0631886712113699,0.057156552346320944,0.03329736300072966,0.03389577789213638,0.029017251230611607,-0.017660046630221013,-0.01681611147427675,0.0448835505079689,0.000999000999000999,1000.0,1
population_mean_rate_hz,2056.0,1533.0,523.0,0.23787638648952258,0.25607602341340724,0.26209698349654953,0.24956644519239563,0.003068971151183708,0.0092506933049184,0.005353347328344249,-0.012592310239588688,-0.012172490021191085,0.019100935123248668,0.026473526473526472,1000.0,2
population_l2_rate_norm,2056.0,1558.0,498.0,0.31073606772432233,0.30384166731415535,0.30389776215159403,0.30192761951928276,0.004230254893686725,0.007559873501270187,0.0031164896162917954,-0.013470064366695934,-0.012806911917544572,0.014784610945556248,0.02047952047952048,1000.0,3
active_unit_fraction,2056.0,1469.0,587.0,0.2635844713966385,0.2507984482396223,0.260979881919166,0.2543570981980003,0.003314146506475546,0.003987041679074099,0.003565052011557601,-0.013411670095587157,-0.013035550719945305,0.014691318264275065,0.04195804195804196,1000.0,4
population_rate_entropy,2056.0,1466.0,590.0,0.2597005315793605,0.2514303253420194,0.27657166648593906,0.25738330288737143,-0.0026484728926510215,0.00457270075849503,0.0013869855452107727,-0.01369355780772271,-0.012888846582883529,0.013813845529649666,0.041458541458541456,1000.0,5
population_std_rate_hz,2056.0,1581.0,475.0,0.22349052911993633,0.20469594575909855,0.21669594829643113,0.2052992983563942,0.0019638599805065216,0.004467546825271951,0.000535604967323855,-0.014196847801978765,-0.013615173163138622,0.012406510302320633,0.08791208791208792,1000.0,6
