target,n_sessions,median_session_delta_full_over_ar,median_session_controlled_delta_full_over_ar,min_session_controlled_delta_full_over_ar,n_sessions_positive_controlled,median_session_ar_r2,median_session_full_lag_r2,session_blocked_rank
population_state_speed,6,0.02143771002562217,0.03784873128356468,0.024729658673282362,6,0.02181543129645122,0.04417191127565412,1
population_mean_rate_hz,6,0.006029589628838872,0.02210517046473256,0.005439813879843821,6,0.258883253245501,0.303237740103269,2
population_l2_rate_norm,6,0.0023538491251317295,0.015968373800480606,-0.008858544571393413,5,0.27651138113796375,0.26202684370722257,3
population_rate_entropy,6,0.0007053241957510059,0.015355957960040788,-0.004587870942605592,5,0.2551745519348384,0.2509146382150882,4
active_unit_fraction,6,-0.002295579918858981,0.013636793273972063,-0.005973565165208207,4,0.26263610490531897,0.28576745076056975,5
population_std_rate_hz,6,-0.00317933670310655,0.011376954441535962,-0.004821150180188559,4,0.22680656934240492,0.2286947924865099,6
