session_id,lags,alpha,n_rows,n_train,n_test,ar_r2,ar_plus_geometry_r2,ar_plus_geometry_running_r2,ar_plus_geometry_running_history_r2,delta_geometry_over_ar,delta_running_over_geometry,delta_history_over_geometry_running,delta_history_over_ar
715093703,4.0,1.0,2056.0,1580.5,475.5,-0.0006281424378232758,0.022119440931332612,-0.01063171851782685,-0.014953096811359534,0.01963582262240321,-0.02573702480973844,0.008324301190474281,-0.0138387709140399
719161530,4.0,1.0,2056.0,1441.0,615.0,0.06266892459138601,0.12024950329692374,0.11923011565346331,0.11736900137414796,0.05758057870553773,-0.006503654436347761,-0.0010934596933506735,0.05470007678276195
750749662,4.0,1.0,2056.0,1522.5,533.5,0.021163740660184893,0.10972509684985532,0.09548610559891518,0.10193670309116887,0.081792989065405,0.00837617958751019,-0.017854216739909945,0.07231495191300524
751348571,4.0,1.0,2056.0,1584.5,471.5,0.03503177497652665,0.06214396011700757,0.04999093855084813,0.05287090379645498,0.046697576469878876,-0.012153021566159439,-0.007013367515580571,0.033958042024170076
755434585,4.0,1.0,2057.0,1502.0,555.0,0.10634038903972187,0.20065714149447056,0.20761284824026205,0.18751400644043625,0.09431675245474869,0.004307510212626986,-0.021585257442442496,0.07192451559220736
756029989,4.0,1.0,2056.0,1523.5,532.5,0.05868576075077847,0.07516964717473873,0.04507007524512646,0.048910128875781556,0.02284692405389216,-0.0285807622138467,0.0007637621974455056,-0.003412594245065015
