,H_ortho,R_ortho,S_ortho,M_ortho
H_ortho,1.0,-5.973663096979969e-16,7.085475736195531e-16,-3.994795344112528e-15
R_ortho,-5.973663096979969e-16,1.0,-2.218160663732563e-15,-2.0884394137175574e-16
S_ortho,7.085475736195531e-16,-2.218160663732563e-15,1.0,5.512850592604601e-16
M_ortho,-3.994795344112528e-15,-2.0884394137175574e-16,5.512850592604601e-16,1.0
